Rk,Player,Pos,Age,Tm,G,GS,MP,FG,FGA,FG%,3P,3PA,3P%,2P,2PA,2P%,eFG%,FT,FTA,FT%,ORB,DRB,TRB,AST,STL,BLK,TOV,PF,PTS,Player-additional
1,Precious Achiuwa,C,24,TOR,5,0,103,15,37,0.405,1,8,0.125,14,29,0.483,0.419,3,3,1,9,24,33,10,1,1,8,10,34,achiupr01
2,Bam Adebayo,C,26,MIA,10,10,347,84,160,0.525,1,2,0.5,83,158,0.525,0.528,61,76,0.803,23,82,105,38,14,14,29,23,230,adebaba01
3,Ochai Agbaji,SG,23,UTA,11,3,189,19,48,0.396,10,29,0.345,9,19,0.474,0.5,2,4,0.5,9,21,30,11,4,7,7,14,50,agbajoc01
4,Santi Aldama,PF,23,MEM,5,0,105,23,48,0.479,8,20,0.4,15,28,0.536,0.563,4,9,0.444,3,20,23,9,2,4,8,6,58,aldamsa01
5,Nickeil Alexander-Walker,SG,25,MIN,10,2,196,18,47,0.383,9,28,0.321,9,19,0.474,0.479,2,6,0.333,1,19,20,26,9,8,10,15,47,alexani01
6,Grayson Allen,SG,28,PHO,10,10,314,43,92,0.467,27,56,0.482,16,36,0.444,0.614,9,9,1,12,41,53,29,5,4,18,25,122,allengr01
7,Jarrett Allen,C,25,CLE,5,5,125,20,31,0.645,0,0,,20,31,0.645,0.645,20,26,0.769,18,18,36,9,3,3,7,11,60,allenja01
8,Kyle Anderson,PF,30,MIN,10,0,252,31,56,0.554,2,10,0.2,29,46,0.63,0.571,11,18,0.611,7,32,39,41,10,7,20,17,75,anderky01
9,Giannis Antetokounmpo,PF,29,MIL,10,10,325,110,189,0.582,6,24,0.25,104,165,0.63,0.598,69,108,0.639,23,73,96,36,9,13,43,29,295,antetgi01
10,Thanasis Antetokounmpo,PF,31,MIL,3,0,21,1,2,0.5,0,0,,1,2,0.5,0.5,0,0,,0,0,0,4,1,1,4,4,2,antetth01
11,Cole Anthony,PG,23,ORL,10,0,240,40,97,0.412,14,41,0.341,26,56,0.464,0.485,38,47,0.809,9,32,41,27,7,3,22,22,132,anthoco01
12,OG Anunoby,SF,26,TOR,8,8,251,50,98,0.51,22,56,0.393,28,42,0.667,0.622,9,15,0.6,5,27,32,14,10,5,13,18,131,anunoog01
13,Ryan Arcidiacono,PG,29,NYK,3,0,6,0,1,0,0,1,0,0,0,,0,0,0,,0,1,1,0,0,0,0,0,0,arcidry01
14,Deni Avdija,SF,23,WAS,10,10,271,51,102,0.5,11,30,0.367,40,72,0.556,0.554,12,16,0.75,15,45,60,39,11,3,17,23,125,avdijde01
15,Deandre Ayton,C,25,POR,10,10,321,60,103,0.583,0,0,,60,103,0.583,0.583,5,5,1,29,91,120,14,16,9,18,29,125,aytonde01
16,Udoka Azubuike,C,24,PHO,2,0,9,1,1,1,0,0,,1,1,1,1,0,0,,0,4,4,0,0,0,0,1,2,azubuud01
17,Marvin Bagley III,C,24,DET,12,4,237,52,88,0.591,1,5,0.2,51,83,0.614,0.597,32,35,0.914,22,42,64,15,0,7,18,22,137,baglema01
18,Amari Bailey,PG,19,CHO,1,0,3,1,3,0.333,0,0,,1,3,0.333,0.333,0,0,,2,0,2,0,0,0,0,0,2,baileam01
19,Patrick Baldwin Jr.,SF,21,WAS,2,0,9,0,2,0,0,1,0,0,1,0,0,0,0,,0,0,0,1,0,0,0,0,0,baldwpa01
20,LaMelo Ball,PG,22,CHO,10,10,335,77,184,0.418,30,82,0.366,47,102,0.461,0.5,38,45,0.844,19,35,54,86,16,3,40,40,222,ballla01
21,Mo Bamba,C,25,PHI,4,0,9,0,2,0,0,0,,0,2,0,0,2,2,1,2,4,6,0,0,2,3,3,2,bambamo01
22,Paolo Banchero,PF,21,ORL,10,10,340,66,142,0.465,12,31,0.387,54,111,0.486,0.507,45,69,0.652,14,54,68,51,15,4,35,26,189,banchpa01
23,Desmond Bane,SG,25,MEM,11,11,382,103,226,0.456,37,105,0.352,66,121,0.545,0.538,37,44,0.841,7,42,49,50,16,10,29,33,280,banede01
24,Dalano Banton,PG,24,BOS,4,0,28,5,9,0.556,0,2,0,5,7,0.714,0.556,3,3,1,3,3,6,2,1,0,1,3,13,bantoda01
25,Dominick Barlow,PF,20,SAS,4,0,21,2,5,0.4,0,0,,2,5,0.4,0.4,2,4,0.5,0,2,2,0,0,0,0,1,6,barlodo01
26,Harrison Barnes,PF,31,SAC,9,9,271,34,71,0.479,15,39,0.385,19,32,0.594,0.585,18,23,0.783,7,21,28,11,4,1,5,8,101,barneha02
27,Scottie Barnes,SG,22,TOR,10,10,361,76,164,0.463,18,53,0.34,58,111,0.523,0.518,31,41,0.756,28,69,97,56,18,18,25,24,201,barnesc01
28,RJ Barrett,SG,23,NYK,7,7,218,55,113,0.487,20,40,0.5,35,73,0.479,0.575,28,33,0.848,4,20,24,22,4,2,15,8,158,barrerj01
29,Charles Bassey,C,23,SAS,11,0,133,20,27,0.741,0,1,0,20,26,0.769,0.741,2,3,0.667,15,29,44,11,8,6,6,16,42,bassech01
30,Emoni Bates,SF,20,CLE,3,0,30,3,9,0.333,2,6,0.333,1,3,0.333,0.444,1,2,0.5,1,5,6,1,0,1,1,1,9,batesem01
31,Keita Bates-Diop,SF,28,PHO,7,4,155,18,42,0.429,6,18,0.333,12,24,0.5,0.5,5,9,0.556,9,21,30,9,4,6,1,7,47,bateske01
32,Nicolas Batum,PF,35,PHI,7,1,157,13,23,0.565,10,20,0.5,3,3,1,0.783,0,0,,5,18,23,9,6,8,2,14,36,batumni01
33,Bradley Beal,SG,30,PHO,3,3,86,18,46,0.391,5,15,0.333,13,31,0.419,0.446,11,16,0.688,3,13,16,11,2,1,9,9,52,bealbr01
34,Malik Beasley,SG,27,MIL,10,10,251,29,67,0.433,20,49,0.408,9,18,0.5,0.582,5,9,0.556,5,31,36,14,10,0,8,21,83,beaslma01
35,MarJon Beauchamp,SF,23,MIL,9,0,157,24,48,0.5,11,25,0.44,13,23,0.565,0.615,5,8,0.625,8,15,23,9,2,1,7,15,64,beaucma01
36,Dāvis Bertāns,PF,31,OKC,3,0,25,1,5,0.2,1,5,0.2,0,0,,0.3,6,6,1,0,1,1,1,1,0,0,3,9,bertada01
37,Patrick Beverley,PG,35,PHI,10,0,168,10,26,0.385,2,13,0.154,8,13,0.615,0.423,1,1,1,11,23,34,21,5,5,5,21,23,beverpa01
38,Saddiq Bey,SF,24,ATL,10,3,275,41,90,0.456,17,46,0.37,24,44,0.545,0.55,15,17,0.882,20,36,56,11,10,3,14,12,114,beysa01
39,Goga Bitadze,C,24,ORL,8,5,125,20,32,0.625,0,3,0,20,29,0.69,0.625,13,17,0.765,16,21,37,8,7,8,4,14,53,bitadgo01
40,Onuralp Bitim,SG,24,CHI,1,0,3,0,0,,0,0,,0,0,,,0,0,,0,0,0,0,0,0,0,0,0,bitimon01
41,Bismack Biyombo,C,31,MEM,6,5,148,17,31,0.548,0,0,,17,31,0.548,0.548,11,17,0.647,30,26,56,11,3,7,4,19,45,biyombi01
42,Anthony Black,PG,20,ORL,8,4,152,18,30,0.6,5,13,0.385,13,17,0.765,0.683,5,7,0.714,6,9,15,12,4,3,5,14,46,blackan01
43,Leaky Black,SF,24,CHO,3,0,12,2,5,0.4,1,2,0.5,1,3,0.333,0.5,0,0,,0,2,2,1,0,2,0,1,5,blackle01
44,Bogdan Bogdanović,SG,31,ATL,10,1,259,51,119,0.429,28,80,0.35,23,39,0.59,0.546,4,4,1,3,24,27,30,14,4,12,17,134,bogdabo01
45,Bol Bol,PF,24,PHO,3,0,7,1,1,1,0,0,,1,1,1,1,0,0,,0,1,1,0,0,1,2,0,2,bolbo01
46,Devin Booker,SG,27,PHO,2,2,72,23,40,0.575,8,15,0.533,15,25,0.6,0.675,9,9,1,2,13,15,21,1,0,11,8,63,bookede01
47,Chris Boucher,PF,31,TOR,8,0,129,18,36,0.5,4,11,0.364,14,25,0.56,0.556,14,16,0.875,11,29,40,5,2,6,5,21,54,bouchch01
48,Jamaree Bouyea,PG,24,POR,2,0,29,3,11,0.273,0,3,0,3,8,0.375,0.273,0,0,,1,4,5,3,0,0,5,2,6,bouyeja01
49,Malaki Branham,SG,20,SAS,11,3,222,41,95,0.432,11,35,0.314,30,60,0.5,0.489,6,7,0.857,2,15,17,24,6,1,12,13,99,branhma01
50,Christian Braun,SG,22,DEN,11,0,209,30,66,0.455,4,18,0.222,26,48,0.542,0.485,15,22,0.682,11,34,45,23,5,3,6,17,79,braunch01
51,Mikal Bridges,SF,27,BRK,11,11,377,84,184,0.457,21,72,0.292,63,112,0.563,0.514,34,41,0.829,15,53,68,41,14,5,27,21,223,bridgmi01
52,Oshae Brissett,SF,25,BOS,6,0,67,3,17,0.176,1,9,0.111,2,8,0.25,0.206,6,8,0.75,6,8,14,2,4,0,2,5,13,brissos01
53,Malcolm Brogdon,PG,31,POR,8,3,222,49,121,0.405,16,47,0.34,33,74,0.446,0.471,24,30,0.8,8,30,38,44,6,0,13,11,138,brogdma01
54,Armoni Brooks,PG,25,BRK,3,0,36,6,12,0.5,5,9,0.556,1,3,0.333,0.708,0,0,,1,5,6,0,0,0,1,0,17,brookar01
55,Dillon Brooks,SF,28,HOU,9,9,278,43,78,0.551,16,30,0.533,27,48,0.563,0.654,21,25,0.84,4,34,38,18,10,1,18,31,123,brookdi01
56,Bruce Brown,SG,27,IND,11,11,347,47,103,0.456,16,42,0.381,31,61,0.508,0.534,14,16,0.875,8,42,50,30,11,4,10,22,124,brownbr01
57,Jaylen Brown,SF,27,BOS,10,10,337,85,185,0.459,28,77,0.364,57,108,0.528,0.535,31,42,0.738,5,47,52,32,10,4,25,27,229,brownja02
58,Kobe Brown,PF,24,LAC,6,0,52,7,14,0.5,3,8,0.375,4,6,0.667,0.607,0,0,,2,6,8,2,1,1,1,8,17,brownko01
59,Moses Brown,C,24,POR,1,0,5,2,3,0.667,0,0,,2,3,0.667,0.667,0,2,0,2,1,3,1,0,1,0,1,4,brownmo01
60,Troy Brown Jr.,SF,24,MIN,7,0,44,3,10,0.3,0,5,0,3,5,0.6,0.3,6,6,1,2,10,12,3,2,0,3,1,12,browntr01
61,Jalen Brunson,PG,27,NYK,10,10,343,80,189,0.423,26,60,0.433,54,129,0.419,0.492,40,49,0.816,7,26,33,43,11,0,22,19,226,brunsja01
62,Thomas Bryant,C,26,MIA,10,1,125,21,40,0.525,0,2,0,21,38,0.553,0.525,10,13,0.769,11,26,37,6,4,3,10,12,52,bryanth01
63,Kobe Bufkin,SG,20,ATL,2,0,4,0,3,0,0,1,0,0,2,0,0,1,2,0.5,1,1,2,0,0,0,0,0,1,bufkiko01
64,Reggie Bullock,SF,32,HOU,5,0,52,2,8,0.25,2,7,0.286,0,1,0,0.375,0,0,,0,7,7,3,1,1,2,4,6,bullore01
65,Alec Burks,SG,32,DET,6,0,146,24,58,0.414,20,41,0.488,4,17,0.235,0.586,24,28,0.857,3,15,18,18,2,3,1,11,92,burksal01
66,Jared Butler,SG,23,WAS,2,0,9,1,4,0.25,1,3,0.333,0,1,0,0.375,0,0,,0,0,0,1,0,0,1,0,3,butleja02
67,Jimmy Butler,PF,34,MIA,9,9,304,56,123,0.455,9,18,0.5,47,105,0.448,0.492,59,69,0.855,24,29,53,33,13,3,14,6,180,butleji01
68,Jamal Cain,PF,24,MIA,3,0,30,4,9,0.444,0,4,0,4,5,0.8,0.444,0,0,,3,3,6,0,3,0,1,2,8,cainja01
69,Kentavious Caldwell-Pope,SG,30,DEN,11,11,372,37,77,0.481,18,40,0.45,19,37,0.514,0.597,14,16,0.875,2,18,20,21,19,5,13,28,106,caldwke01
70,Toumani Camara,PF,23,POR,10,1,246,20,56,0.357,7,23,0.304,13,33,0.394,0.42,10,14,0.714,21,26,47,13,7,8,11,24,57,camarto01
71,Clint Capela,C,29,ATL,10,10,249,40,69,0.58,0,0,,40,69,0.58,0.58,17,24,0.708,38,66,104,9,7,16,8,22,97,capelca01
72,Jevon Carter,PG,28,CHI,11,0,163,30,63,0.476,19,38,0.5,11,25,0.44,0.627,0,1,0,1,5,6,13,6,4,10,13,79,carteje01
73,Wendell Carter Jr.,C,24,ORL,5,5,147,17,45,0.378,5,16,0.313,12,29,0.414,0.433,8,14,0.571,11,32,43,8,3,2,8,14,47,cartewe01
74,Alex Caruso,SG,29,CHI,9,0,212,26,44,0.591,11,25,0.44,15,19,0.789,0.716,7,11,0.636,13,22,35,22,14,7,9,23,70,carusal01
75,Colin Castleton,C,23,LAL,2,0,19,2,4,0.5,0,0,,2,4,0.5,0.5,0,0,,2,1,3,2,0,0,0,5,4,castlco01
76,Malcolm Cazalon,SG,22,DET,1,0,3,0,0,,0,0,,0,0,,,0,0,,0,0,0,0,0,0,0,0,0,cazalma01
77,Julian Champagnie,SF,22,SAS,6,1,67,8,32,0.25,4,17,0.235,4,15,0.267,0.313,2,2,1,1,6,7,3,5,6,5,0,22,champju02
78,Max Christie,SG,20,LAL,7,0,111,9,28,0.321,2,11,0.182,7,17,0.412,0.357,4,5,0.8,2,19,21,5,3,1,5,9,24,chrisma02
79,Jordan Clarkson,SG,31,UTA,11,11,347,72,171,0.421,19,61,0.311,53,110,0.482,0.477,32,38,0.842,16,21,37,52,10,2,38,17,195,clarkjo01
80,Nic Claxton,C,24,BRK,3,3,77,11,22,0.5,0,0,,11,22,0.5,0.5,3,3,1,10,16,26,6,1,9,1,7,25,claxtni01
81,Amir Coffey,SF,26,LAC,5,0,37,2,8,0.25,0,2,0,2,6,0.333,0.25,4,4,1,0,3,3,2,0,0,2,2,8,coffeam01
82,John Collins,PF,26,UTA,11,11,343,62,119,0.521,17,40,0.425,45,79,0.57,0.592,23,32,0.719,29,61,90,11,7,10,14,38,164,collijo01
83,Zach Collins,C,26,SAS,11,11,329,62,116,0.534,11,41,0.268,51,75,0.68,0.582,18,25,0.72,21,47,68,41,6,11,30,37,153,colliza01
84,Mike Conley,PG,36,MIN,10,10,293,39,76,0.513,20,44,0.455,19,32,0.594,0.645,9,9,1,7,25,32,53,9,1,7,21,107,conlemi01
85,Pat Connaughton,SF,31,MIL,10,0,220,19,48,0.396,8,29,0.276,11,19,0.579,0.479,8,10,0.8,5,23,28,23,5,2,6,13,54,connapa01
86,Bilal Coulibaly,SF,19,WAS,10,1,255,30,60,0.5,14,32,0.438,16,28,0.571,0.617,8,15,0.533,5,32,37,18,11,8,13,18,82,coulibi01
87,Robert Covington,SF-PF,33,PHI,10,4,154,10,29,0.345,5,21,0.238,5,8,0.625,0.431,5,6,0.833,7,14,21,10,17,5,2,17,30,covinro01
88,Torrey Craig,SF,33,CHI,11,6,249,21,55,0.382,9,26,0.346,12,29,0.414,0.464,2,2,1,23,40,63,17,8,4,4,31,53,craigto01
89,Jae Crowder,PF,33,MIL,9,2,240,25,47,0.532,16,31,0.516,9,16,0.563,0.702,7,12,0.583,4,31,35,15,7,3,4,14,73,crowdja01
90,Cade Cunningham,PG,22,DET,12,12,434,96,239,0.402,22,74,0.297,74,165,0.448,0.448,42,48,0.875,6,37,43,88,9,3,60,40,256,cunnica01
91,Seth Curry,SG,33,DAL,8,0,72,5,20,0.25,2,12,0.167,3,8,0.375,0.3,5,6,0.833,3,7,10,6,5,1,4,5,17,curryse01
92,Stephen Curry,PG,35,GSW,11,11,357,105,215,0.488,62,139,0.446,43,76,0.566,0.633,66,71,0.93,10,41,51,43,11,2,41,17,338,curryst01
93,Dyson Daniels,PG,20,NOP,11,4,289,36,79,0.456,12,34,0.353,24,45,0.533,0.532,9,16,0.563,13,40,53,36,15,5,17,21,93,daniedy01
94,Anthony Davis,C,30,LAL,10,10,362,85,159,0.535,3,8,0.375,82,151,0.543,0.544,61,69,0.884,32,87,119,38,7,33,14,27,234,davisan02
95,Johnny Davis,SG,21,WAS,5,0,56,12,23,0.522,1,2,0.5,11,21,0.524,0.543,2,3,0.667,3,4,7,1,4,1,2,5,27,davisjo06
96,DeMar DeRozan,SF,34,CHI,11,11,384,82,189,0.434,8,25,0.32,74,164,0.451,0.455,61,72,0.847,13,20,33,49,12,12,9,24,233,derozde01
97,Moussa Diabaté,C,22,LAC,6,0,45,8,14,0.571,0,0,,8,14,0.571,0.571,5,6,0.833,10,5,15,4,2,0,2,4,21,diabamo01
98,Gradey Dick,SG,20,TOR,10,0,151,13,41,0.317,7,26,0.269,6,15,0.4,0.402,4,4,1,7,11,18,10,2,0,8,16,37,dickgr01
99,Ousmane Dieng,PF,20,OKC,10,0,113,13,34,0.382,7,25,0.28,6,9,0.667,0.485,3,4,0.75,5,15,20,9,1,0,4,6,36,diengou01
100,Spencer Dinwiddie,PG,30,BRK,10,10,281,42,94,0.447,24,60,0.4,18,34,0.529,0.574,17,26,0.654,2,31,33,52,4,1,13,16,125,dinwisp01
101,Donte DiVincenzo,SG,27,NYK,10,0,194,25,68,0.368,15,45,0.333,10,23,0.435,0.478,7,12,0.583,9,20,29,16,8,4,11,17,72,divindo01
102,Luka Dončić,PG,24,DAL,11,11,384,117,229,0.511,46,108,0.426,71,121,0.587,0.611,62,80,0.775,7,79,86,87,13,5,50,19,342,doncilu01
103,Luguentz Dort,SF,24,OKC,11,11,327,46,94,0.489,24,51,0.471,22,43,0.512,0.617,28,35,0.8,15,36,51,13,15,12,12,32,144,dortlu01
104,Ayo Dosunmu,SG,24,CHI,9,0,134,21,39,0.538,8,17,0.471,13,22,0.591,0.641,3,4,0.75,5,8,13,10,5,1,4,10,53,dosunay01
105,Andre Drummond,C,30,CHI,11,0,148,31,55,0.564,0,0,,31,55,0.564,0.564,8,15,0.533,27,32,59,8,15,2,11,15,70,drumman01
106,Chris Duarte,SF,26,SAC,9,0,127,12,39,0.308,7,25,0.28,5,14,0.357,0.397,8,11,0.727,1,11,12,9,5,1,5,28,39,duartch01
107,Kris Dunn,PG,29,UTA,9,0,102,13,32,0.406,3,8,0.375,10,24,0.417,0.453,4,6,0.667,3,15,18,20,5,0,11,13,33,dunnkr01
108,Kevin Durant,PF,35,PHO,10,10,367,101,203,0.498,18,42,0.429,83,161,0.516,0.542,80,94,0.851,5,66,71,46,9,12,41,16,300,duranke01
109,Jalen Duren,C,20,DET,8,8,231,46,74,0.622,0,1,0,46,73,0.63,0.622,9,12,0.75,28,57,85,25,5,9,22,28,101,durenja01
110,Tari Eason,PF,22,HOU,3,0,49,8,22,0.364,3,7,0.429,5,15,0.333,0.432,0,0,,6,14,20,4,1,3,2,5,19,easonta01
111,Anthony Edwards,SG,22,MIN,10,10,359,101,209,0.483,25,67,0.373,76,142,0.535,0.543,49,60,0.817,8,52,60,53,15,3,38,17,276,edwaran01
112,Kessler Edwards,SF,23,SAC,7,0,35,1,6,0.167,1,4,0.25,0,2,0,0.25,1,2,0.5,0,5,5,3,1,1,1,5,4,edwarke02
113,Keon Ellis,SG,24,SAC,6,2,81,9,22,0.409,5,18,0.278,4,4,1,0.523,6,11,0.545,2,8,10,5,5,4,5,7,29,elliske01
114,Joel Embiid,C,29,PHI,10,10,341,110,218,0.505,12,37,0.324,98,181,0.541,0.532,99,114,0.868,34,83,117,57,9,19,39,26,331,embiijo01
115,Drew Eubanks,C,26,PHO,10,0,186,29,46,0.63,0,0,,29,46,0.63,0.63,15,19,0.789,16,35,51,20,3,15,14,21,73,eubandr01
116,Dante Exum,PG,28,DAL,10,0,84,17,34,0.5,3,8,0.375,14,26,0.538,0.544,3,5,0.6,4,13,17,11,3,2,2,10,40,exumda01
117,Bruno Fernando,C,25,ATL,3,0,7,0,1,0,0,1,0,0,0,,0,0,0,,0,0,0,0,0,0,2,2,0,fernabr01
118,Dorian Finney-Smith,PF,30,BRK,11,10,334,48,103,0.466,33,75,0.44,15,28,0.536,0.626,1,3,0.333,22,36,58,15,3,8,10,27,130,finnedo01
119,Malachi Flynn,PG,25,TOR,10,0,153,19,41,0.463,11,24,0.458,8,17,0.471,0.598,6,7,0.857,3,14,17,19,9,0,12,14,55,flynnma01
120,Simone Fontecchio,SF,28,UTA,9,0,96,16,34,0.471,9,23,0.391,7,11,0.636,0.603,0,0,,6,11,17,4,2,2,8,8,41,fontesi01
121,Jordan Ford,PG,25,SAC,4,0,12,2,5,0.4,1,2,0.5,1,3,0.333,0.5,2,2,1,0,1,1,1,0,0,0,0,7,fordjo01
122,Trent Forrest,SG,25,ATL,2,0,18,0,1,0,0,0,,0,1,0,0,2,2,1,1,0,1,5,0,0,0,1,2,forretr01
123,De'Aaron Fox,PG,26,SAC,4,4,142,45,90,0.5,11,30,0.367,34,60,0.567,0.561,21,28,0.75,4,11,15,24,5,2,9,14,122,foxde01
124,Alex Fudge,SF,20,LAL,1,0,4,0,1,0,0,0,,0,1,0,0,0,0,,0,0,0,0,0,0,0,0,0,fudgeal01
125,Markelle Fultz,PG,25,ORL,5,5,143,27,56,0.482,0,3,0,27,53,0.509,0.482,3,4,0.75,8,9,17,20,6,2,6,6,57,fultzma01
126,Daniel Gafford,C,25,WAS,8,8,185,26,34,0.765,0,0,,26,34,0.765,0.765,14,22,0.636,19,37,56,9,5,20,13,28,66,gaffoda01
127,Danilo Gallinari,PF,35,WAS,9,0,130,27,51,0.529,8,22,0.364,19,29,0.655,0.608,16,21,0.762,5,17,22,15,3,1,4,7,78,gallida01
128,Darius Garland,PG,24,CLE,6,6,200,35,78,0.449,8,28,0.286,27,50,0.54,0.5,25,30,0.833,4,13,17,37,11,2,29,13,103,garlada01
129,Luka Garza,C,25,MIN,2,0,6,3,5,0.6,0,0,,3,5,0.6,0.6,1,2,0.5,1,2,3,0,0,0,0,3,7,garzalu01
130,Kaiser Gates,SF,27,NOP,1,0,7,0,4,0,0,2,0,0,2,0,0,0,0,,0,1,1,0,0,0,0,0,0,gateska01
131,Keyonte George,PG,20,UTA,11,3,253,30,78,0.385,14,46,0.304,16,32,0.5,0.474,14,17,0.824,4,23,27,53,4,2,19,11,88,georgke01
132,Paul George,PF,33,LAC,10,10,341,80,169,0.473,32,82,0.39,48,87,0.552,0.568,55,59,0.932,5,50,55,36,24,1,30,28,247,georgpa01
133,Josh Giddey,SG,21,OKC,11,11,308,61,141,0.433,4,21,0.19,57,120,0.475,0.447,12,15,0.8,14,50,64,58,7,7,33,11,138,giddejo01
134,Harry Giles,C,25,BRK,1,0,6,3,3,1,1,1,1,2,2,1,1.167,0,0,,0,1,1,0,0,0,1,1,7,gilesha01
135,Shai Gilgeous-Alexander,PG,25,OKC,10,10,349,111,208,0.534,12,39,0.308,99,169,0.586,0.563,59,65,0.908,7,62,69,59,26,7,23,22,293,gilgesh01
136,Anthony Gill,PF,31,WAS,5,0,36,6,13,0.462,0,1,0,6,12,0.5,0.462,6,8,0.75,3,4,7,3,1,3,2,3,18,gillan01
137,Collin Gillespie,PG,24,DEN,6,0,71,8,18,0.444,3,11,0.273,5,7,0.714,0.528,1,1,1,0,3,3,7,5,0,2,9,20,gilleco01
138,Jacob Gilyard,PG,25,MEM,8,3,138,13,27,0.481,12,25,0.48,1,2,0.5,0.704,0,0,,4,11,15,27,7,1,5,9,38,gilyaja01
139,Rudy Gobert,C,31,MIN,10,10,332,42,81,0.519,0,0,,42,81,0.519,0.519,35,60,0.583,42,86,128,13,7,23,17,28,119,goberru01
140,Jordan Goodwin,PG,25,PHO,10,0,183,24,73,0.329,13,38,0.342,11,35,0.314,0.418,10,13,0.769,11,28,39,19,10,4,10,12,71,goodwjo01
141,Aaron Gordon,PF,28,DEN,11,11,358,66,117,0.564,7,22,0.318,59,95,0.621,0.594,18,31,0.581,24,53,77,44,13,12,23,20,157,gordoaa01
142,Eric Gordon,SG,35,PHO,9,5,266,50,112,0.446,19,56,0.339,31,56,0.554,0.531,3,3,1,5,15,20,27,9,4,13,9,122,gordoer01
143,Devonte' Graham,PG,28,SAS,2,0,29,1,5,0.2,0,3,0,1,2,0.5,0.2,4,5,0.8,1,1,2,8,2,1,2,2,6,grahade01
144,Jerami Grant,PF,29,POR,10,10,364,78,180,0.433,24,65,0.369,54,115,0.47,0.5,51,66,0.773,10,36,46,18,4,10,27,25,231,grantje01
145,A.J. Green,SG,24,MIL,4,0,36,4,10,0.4,3,8,0.375,1,2,0.5,0.55,1,1,1,0,4,4,6,0,0,0,4,12,greenaj01
146,Danny Green,SG,36,PHI,2,0,18,0,2,0,0,1,0,0,1,0,0,0,0,,0,2,2,1,1,0,0,1,0,greenda02
147,Draymond Green,PF,33,GSW,9,9,200,27,56,0.482,9,20,0.45,18,36,0.5,0.563,16,18,0.889,13,33,46,51,6,5,16,22,79,greendr01
148,Jalen Green,SG,21,HOU,9,9,289,54,131,0.412,18,45,0.4,36,86,0.419,0.481,45,58,0.776,4,38,42,24,6,3,19,14,171,greenja05
149,Jeff Green,PF,37,HOU,9,0,138,22,36,0.611,4,11,0.364,18,25,0.72,0.667,17,24,0.708,11,18,29,4,2,2,5,10,65,greenje02
150,Josh Green,SG,23,DAL,11,2,279,29,68,0.426,15,40,0.375,14,28,0.5,0.537,7,14,0.5,6,21,27,25,11,2,12,20,80,greenjo02
151,AJ Griffin,SF,20,ATL,7,0,64,8,17,0.471,6,14,0.429,2,3,0.667,0.647,2,2,1,1,4,5,2,1,0,4,4,24,griffaj01
152,Quentin Grimes,SG,23,NYK,10,10,243,28,64,0.438,22,55,0.4,6,9,0.667,0.609,0,1,0,1,13,14,11,7,0,4,16,78,grimequ01
153,Mouhamed Gueye,PF,21,ATL,2,0,4,0,1,0,0,1,0,0,0,,0,0,0,,0,0,0,0,1,0,0,1,0,gueyemo02
154,Rui Hachimura,PF,25,LAL,7,1,147,35,59,0.593,10,21,0.476,25,38,0.658,0.678,17,22,0.773,6,22,28,6,9,3,8,11,97,hachiru01
155,Tyrese Haliburton,PG,23,IND,10,10,337,86,163,0.528,34,78,0.436,52,85,0.612,0.632,41,44,0.932,5,37,42,125,11,7,21,11,247,halibty01
156,R.J. Hampton,PG,22,MIA,1,0,2,0,1,0,0,0,,0,1,0,0,0,0,,0,0,0,0,0,0,0,0,0,hamptrj01
157,Tim Hardaway Jr.,SF,31,DAL,11,0,307,64,150,0.427,38,101,0.376,26,49,0.531,0.553,27,27,1,4,39,43,17,3,0,11,9,193,hardati02
158,James Harden,SG,34,LAC,5,5,161,24,51,0.471,10,27,0.37,14,24,0.583,0.569,17,17,1,2,20,22,21,6,1,11,5,75,hardeja01
159,Jaden Hardy,SG,21,DAL,9,0,113,25,61,0.41,9,29,0.31,16,32,0.5,0.484,14,18,0.778,2,14,16,13,2,0,5,9,73,hardyja02
160,Gary Harris,SG,29,ORL,5,1,89,15,26,0.577,9,18,0.5,6,8,0.75,0.75,1,3,0.333,4,7,11,7,1,2,4,2,40,harriga01
161,Joe Harris,SG,32,DET,7,0,98,9,25,0.36,6,19,0.316,3,6,0.5,0.48,0,0,,2,5,7,6,2,0,3,12,24,harrijo01
162,Tobias Harris,PF,31,PHI,10,10,365,76,132,0.576,11,31,0.355,65,101,0.644,0.617,36,41,0.878,11,55,66,28,9,5,21,19,199,harrito02
163,Josh Hart,SF,28,NYK,10,3,285,28,72,0.389,10,34,0.294,18,38,0.474,0.458,5,7,0.714,11,54,65,25,9,1,10,20,71,hartjo01
164,Isaiah Hartenstein,C,25,NYK,10,0,168,26,43,0.605,1,3,0.333,25,40,0.625,0.616,11,18,0.611,24,20,44,11,12,4,9,29,64,harteis01
165,Sam Hauser,SF,26,BOS,10,0,195,32,64,0.5,28,59,0.475,4,5,0.8,0.719,4,4,1,5,28,33,4,6,4,4,17,96,hausesa01
166,Jordan Hawkins,SG,21,NOP,11,7,323,49,130,0.377,32,89,0.36,17,41,0.415,0.5,21,25,0.84,9,35,44,19,8,0,13,25,151,hawkijo01
167,Jaxson Hayes,C,23,LAL,9,0,87,9,15,0.6,0,0,,9,15,0.6,0.6,6,10,0.6,3,9,12,4,2,5,6,17,24,hayesja02
168,Killian Hayes,PG,22,DET,12,12,358,48,120,0.4,14,43,0.326,34,77,0.442,0.458,18,24,0.75,4,35,39,57,15,7,11,29,128,hayeski01
169,Gordon Hayward,SF,33,CHO,9,9,294,60,128,0.469,9,23,0.391,51,105,0.486,0.504,26,37,0.703,10,37,47,47,15,6,17,18,155,haywago01
170,Scoot Henderson,PG,19,POR,5,5,142,18,52,0.346,2,21,0.095,16,31,0.516,0.365,6,7,0.857,3,8,11,23,3,1,20,20,44,hendesc01
171,Taylor Hendricks,PF,20,UTA,1,0,2,0,0,,0,0,,0,0,,,1,2,0.5,0,1,1,0,0,0,0,0,1,hendrita01
172,Tyler Herro,SG,24,MIA,8,8,272,68,152,0.447,25,61,0.41,43,91,0.473,0.53,22,25,0.88,3,37,40,37,11,0,20,13,183,herroty01
173,Buddy Hield,SF,31,IND,11,0,258,50,122,0.41,32,86,0.372,18,36,0.5,0.541,1,2,0.5,7,29,36,31,7,7,20,15,133,hieldbu01
174,Haywood Highsmith,PF,27,MIA,7,6,186,21,47,0.447,10,29,0.345,11,18,0.611,0.553,7,9,0.778,5,16,21,11,10,8,4,13,59,highsha01
175,Nate Hinton,SG,24,HOU,2,0,8,2,4,0.5,2,2,1,0,2,0,0.75,0,0,,0,0,0,0,0,0,0,1,6,hintona01
176,D'Moi Hodge,SG,25,LAL,2,0,15,1,5,0.2,0,4,0,1,1,1,0.2,1,2,0.5,0,0,0,1,0,1,1,2,3,hodgedm01
177,Aaron Holiday,PG,27,HOU,7,0,110,14,34,0.412,5,15,0.333,9,19,0.474,0.485,3,3,1,1,10,11,9,2,0,4,7,36,holidaa01
178,Jrue Holiday,PG,33,BOS,10,10,340,50,111,0.45,16,44,0.364,34,67,0.507,0.523,13,15,0.867,20,53,73,55,6,10,19,17,129,holidjr01
179,Justin Holiday,SG,34,DEN,4,0,19,2,4,0.5,2,4,0.5,0,0,,0.75,0,0,,0,4,4,1,0,0,0,1,6,holidju01
180,Richaun Holmes,C,30,DAL,3,0,23,5,9,0.556,0,0,,5,9,0.556,0.556,0,0,,5,6,11,1,0,0,2,5,10,holmeri01
181,Chet Holmgren,C,21,OKC,11,11,330,59,112,0.527,19,41,0.463,40,71,0.563,0.612,36,40,0.9,16,67,83,29,11,24,22,35,173,holmgch01
182,Al Horford,C,37,BOS,9,2,215,18,47,0.383,6,26,0.231,12,21,0.571,0.447,2,2,1,17,37,54,19,5,5,11,14,44,horfoal01
183,Talen Horton-Tucker,PG,23,UTA,11,8,255,42,105,0.4,13,38,0.342,29,67,0.433,0.462,7,9,0.778,7,28,35,55,11,6,25,24,104,hortota01
184,Danuel House Jr.,SF,30,PHI,5,0,63,4,8,0.5,1,4,0.25,3,4,0.75,0.563,2,3,0.667,1,5,6,2,1,1,6,4,11,houseda01
185,Caleb Houstan,SF,21,ORL,5,0,30,5,10,0.5,4,9,0.444,1,1,1,0.7,1,1,1,0,3,3,1,0,0,0,2,15,houstca01
186,Jett Howard,SF,20,ORL,4,0,16,1,8,0.125,0,6,0,1,2,0.5,0.125,0,0,,1,1,2,1,0,0,0,0,2,howarje01
187,Kevin Huerter,SG,25,SAC,9,9,246,41,98,0.418,22,61,0.361,19,37,0.514,0.531,8,10,0.8,7,39,46,23,8,4,11,22,112,huertke01
188,De'Andre Hunter,SF,26,ATL,10,10,310,48,108,0.444,17,50,0.34,31,58,0.534,0.523,27,34,0.794,6,35,41,17,10,4,15,33,140,huntede01
189,Bones Hyland,PG,23,LAC,8,2,188,35,80,0.438,15,42,0.357,20,38,0.526,0.531,9,10,0.9,2,11,13,23,6,0,16,21,94,hylanbo01
190,Joe Ingles,SF,36,ORL,10,0,190,11,35,0.314,8,24,0.333,3,11,0.273,0.429,4,5,0.8,6,20,26,31,9,2,8,14,34,inglejo01
191,Brandon Ingram,SF,26,NOP,8,8,272,76,153,0.497,8,38,0.211,68,115,0.591,0.523,23,31,0.742,5,41,46,40,5,2,25,14,183,ingrabr01
192,Kyrie Irving,SG,31,DAL,9,9,295,74,161,0.46,25,62,0.403,49,99,0.495,0.537,28,33,0.848,7,30,37,60,11,4,15,16,201,irvinky01
193,Jonathan Isaac,PF,26,ORL,8,0,102,13,40,0.325,6,24,0.25,7,16,0.438,0.4,10,13,0.769,6,21,27,3,7,11,5,13,42,isaacjo01
194,Jaden Ivey,SG,21,DET,8,0,157,32,64,0.5,10,26,0.385,22,38,0.579,0.578,14,18,0.778,7,13,20,22,6,3,14,21,88,iveyja01
195,Andre Jackson Jr.,SG,22,MIL,6,0,48,5,9,0.556,1,5,0.2,4,4,1,0.611,0,0,,4,7,11,4,3,0,3,12,11,jacksan01
196,Gregory Jackson II,PF,19,MEM,1,0,1,0,0,,0,0,,0,0,,,0,0,,0,0,0,0,0,0,0,0,0,jacksgg01
197,Isaiah Jackson,C,22,IND,5,0,73,10,18,0.556,0,0,,10,18,0.556,0.556,8,13,0.615,9,13,22,4,1,9,2,15,28,jacksis01
198,Jaren Jackson Jr.,C,24,MEM,11,11,338,74,168,0.44,18,56,0.321,56,112,0.5,0.494,47,57,0.825,19,48,67,25,4,19,20,35,213,jacksja02
199,Reggie Jackson,PG,33,DEN,11,4,264,47,102,0.461,15,42,0.357,32,60,0.533,0.534,9,15,0.6,1,20,21,40,9,4,13,18,118,jacksre01
200,Trayce Jackson-Davis,PF,23,GSW,9,0,73,10,18,0.556,0,0,,10,18,0.556,0.556,11,18,0.611,9,10,19,6,1,5,4,14,31,jackstr02
201,LeBron James,PF,39,LAL,10,10,337,93,164,0.567,19,52,0.365,74,112,0.661,0.625,38,58,0.655,5,80,85,55,13,9,41,15,243,jamesle01
202,Jaime Jaquez Jr.,SF,22,MIA,11,3,252,42,84,0.5,9,32,0.281,33,52,0.635,0.554,7,8,0.875,13,24,37,23,13,3,13,24,100,jaqueja01
203,DaQuan Jeffries,SG,26,NYK,4,0,12,3,5,0.6,1,3,0.333,2,2,1,0.7,0,0,,0,2,2,1,0,0,1,1,7,jeffrda01
204,Ty Jerome,SG,26,CLE,2,0,15,2,4,0.5,0,1,0,2,3,0.667,0.5,0,0,,1,0,1,3,0,0,1,2,4,jeromty01
205,Isaiah Joe,SG,24,OKC,11,0,209,30,76,0.395,25,61,0.41,5,15,0.333,0.559,11,14,0.786,1,20,21,12,9,1,8,14,96,joeis01
206,Cameron Johnson,PF,27,BRK,4,4,115,21,50,0.42,9,28,0.321,12,22,0.545,0.51,6,8,0.75,6,15,21,6,5,0,7,5,57,johnsca02
207,Jalen Johnson,SF,22,ATL,10,7,300,59,99,0.596,11,28,0.393,48,71,0.676,0.652,15,22,0.682,17,63,80,24,10,7,21,25,144,johnsja05
208,Keldon Johnson,SF,24,SAS,10,10,323,60,136,0.441,16,51,0.314,44,85,0.518,0.5,17,25,0.68,8,53,61,43,8,3,12,29,153,johnske04
209,Keyontae Johnson,SF,23,OKC,1,0,6,0,1,0,0,0,,0,1,0,0,0,0,,0,0,0,0,0,0,0,0,0,johnske08
210,Nikola Jokić,C,28,DEN,11,11,382,128,221,0.579,17,52,0.327,111,169,0.657,0.618,57,71,0.803,37,116,153,92,11,8,38,24,330,jokicni01
211,Colby Jones,SG,21,SAC,6,0,51,8,17,0.471,1,4,0.25,7,13,0.538,0.5,2,2,1,5,7,12,2,1,1,3,5,19,jonesco02
212,Damian Jones,C,28,CLE,6,0,34,3,3,1,0,0,,3,3,1,1,1,2,0.5,2,5,7,2,0,1,2,3,7,jonesda03
213,Derrick Jones Jr.,SF,26,DAL,11,11,244,35,71,0.493,16,44,0.364,19,27,0.704,0.606,10,14,0.714,10,25,35,13,6,7,10,12,96,jonesde02
214,Herbert Jones,SF,25,NOP,8,8,248,30,59,0.508,8,27,0.296,22,32,0.688,0.576,21,24,0.875,5,26,31,16,16,13,11,29,89,joneshe01
215,Tre Jones,PG,24,SAS,9,0,232,29,65,0.446,5,20,0.25,24,45,0.533,0.485,16,17,0.941,7,22,29,54,7,4,13,12,79,jonestr01
216,Tyus Jones,PG,27,WAS,10,10,268,39,91,0.429,14,37,0.378,25,54,0.463,0.505,2,4,0.5,4,22,26,51,10,2,9,12,94,jonesty01
217,DeAndre Jordan,C,35,DEN,1,0,12,0,0,,0,0,,0,0,,,1,2,0.5,1,0,1,1,0,0,1,2,1,jordade01
218,Cory Joseph,PG,32,GSW,5,0,26,3,9,0.333,3,6,0.5,0,3,0,0.5,0,1,0,1,1,2,7,1,0,4,4,9,josepco01
219,Nikola Jović,PF,20,MIA,2,1,28,4,8,0.5,3,5,0.6,1,3,0.333,0.688,2,2,1,0,15,15,4,1,0,2,2,13,jovicni01
220,Luke Kennard,SG,27,MEM,8,0,172,21,58,0.362,17,46,0.37,4,12,0.333,0.509,7,7,1,3,20,23,16,5,1,5,4,66,kennalu01
221,Walker Kessler,C,22,UTA,8,8,192,28,51,0.549,2,6,0.333,26,45,0.578,0.569,8,13,0.615,27,36,63,2,0,17,8,17,66,kesslwa01
222,Braxton Key,SF,26,DEN,4,0,10,1,4,0.25,0,1,0,1,3,0.333,0.25,0,0,,0,1,1,3,0,0,0,2,2,keybr01
223,Corey Kispert,SF,24,WAS,9,0,198,31,68,0.456,16,44,0.364,15,24,0.625,0.574,14,17,0.824,5,18,23,13,3,0,12,14,92,kispeco01
224,Maxi Kleber,C,32,DAL,5,1,90,4,16,0.25,3,9,0.333,1,7,0.143,0.344,6,10,0.6,4,17,21,10,1,1,4,8,17,klebima01
225,Kevin Knox,SF,24,DET,2,0,53,12,16,0.75,6,9,0.667,6,7,0.857,0.938,0,0,,1,6,7,2,1,0,2,5,30,knoxke01
226,John Konchar,SF,27,MEM,8,0,144,12,27,0.444,7,16,0.438,5,11,0.455,0.574,0,0,,8,25,33,14,6,5,2,7,31,konchjo01
227,Furkan Korkmaz,SG,26,PHI,8,0,68,7,16,0.438,3,6,0.5,4,10,0.4,0.531,3,5,0.6,1,5,6,3,5,0,6,3,20,korkmfu01
228,Luke Kornet,C,28,BOS,8,0,85,11,15,0.733,0,0,,11,15,0.733,0.733,5,6,0.833,9,17,26,5,3,2,1,8,27,kornelu01
229,Jonathan Kuminga,PF,21,GSW,11,0,221,42,106,0.396,4,23,0.174,38,83,0.458,0.415,38,51,0.745,11,21,32,7,7,4,13,30,126,kuminjo01
230,Kyle Kuzma,PF,28,WAS,10,10,303,96,198,0.485,24,68,0.353,72,130,0.554,0.545,25,32,0.781,12,49,61,30,2,5,22,17,241,kuzmaky01
231,Jock Landale,C,28,HOU,7,0,77,5,18,0.278,2,9,0.222,3,9,0.333,0.333,2,2,1,8,8,16,7,3,2,5,6,14,landajo01
232,Jake LaRavia,PF,22,MEM,5,0,61,7,20,0.35,2,12,0.167,5,8,0.625,0.4,1,2,0.5,3,5,8,2,1,0,2,8,17,laravja01
233,Zach LaVine,SG,28,CHI,11,11,386,79,193,0.409,25,81,0.309,54,112,0.482,0.474,58,66,0.879,5,48,53,33,9,3,23,22,241,lavinza01
234,Saben Lee,PG,24,PHO,3,0,10,3,6,0.5,0,1,0,3,5,0.6,0.5,0,0,,2,1,3,3,0,1,0,1,6,leesa01
235,Alex Len,C,30,SAC,6,0,41,6,8,0.75,0,1,0,6,7,0.857,0.75,3,7,0.429,7,9,16,5,1,5,2,2,15,lenal01
236,Kawhi Leonard,SF,32,LAC,10,10,339,77,168,0.458,25,59,0.424,52,109,0.477,0.533,26,34,0.765,11,41,52,37,17,4,17,17,205,leonaka01
237,Caris LeVert,SG,29,CLE,9,1,298,59,138,0.428,19,54,0.352,40,84,0.476,0.496,34,46,0.739,5,34,39,35,10,4,13,18,171,leverca01
238,Kira Lewis Jr.,PG,22,NOP,10,0,115,13,40,0.325,1,13,0.077,12,27,0.444,0.338,8,9,0.889,3,7,10,16,4,1,5,7,35,lewiski01
239,Maxwell Lewis,SF,21,LAL,4,0,18,0,3,0,0,0,,0,3,0,0,0,0,,0,1,1,0,0,0,1,0,0,lewisma05
240,E.J. Liddell,PF,23,NOP,3,0,9,1,4,0.25,0,3,0,1,1,1,0.25,2,2,1,0,2,2,0,0,1,1,1,4,liddeej01
241,Damian Lillard,PG,33,MIL,8,8,268,47,127,0.37,18,67,0.269,29,60,0.483,0.441,70,75,0.933,6,28,34,38,8,1,23,9,182,lillada01
242,Nassir Little,PF,23,PHO,5,0,58,6,14,0.429,3,10,0.3,3,4,0.75,0.536,4,4,1,1,6,7,1,5,1,2,8,19,littlna01
243,Dereck Lively II,C,19,DAL,10,9,241,36,51,0.706,0,2,0,36,49,0.735,0.706,11,19,0.579,26,43,69,11,6,10,9,36,83,livelde01
244,Chris Livingston,SF,20,MIL,2,0,9,2,2,1,1,1,1,1,1,1,1.25,0,0,,0,0,0,1,0,0,0,0,5,livinch01
245,Kenneth Lofton Jr.,PF,21,MEM,7,0,59,7,18,0.389,2,5,0.4,5,13,0.385,0.444,3,10,0.3,2,7,9,7,2,2,3,11,19,loftoke01
246,Kevon Looney,C,27,GSW,12,11,287,29,47,0.617,0,0,,29,47,0.617,0.617,8,10,0.8,38,71,109,34,10,5,12,35,66,looneke01
247,Brook Lopez,C,35,MIL,10,10,263,35,86,0.407,18,51,0.353,17,35,0.486,0.512,8,12,0.667,11,31,42,7,8,22,11,22,96,lopezbr01
248,Robin Lopez,C,35,MIL,1,0,6,0,0,,0,0,,0,0,,,2,2,1,0,0,0,1,0,0,1,0,2,lopezro01
249,Kevin Love,PF,35,MIA,6,3,108,13,39,0.333,9,30,0.3,4,9,0.444,0.449,12,14,0.857,4,29,33,10,1,0,4,10,47,loveke01
250,Kyle Lowry,PG,37,MIA,10,10,295,23,55,0.418,18,42,0.429,5,13,0.385,0.582,8,8,1,9,33,42,48,12,3,18,27,72,lowryky01
251,Théo Maledon,PG,22,CHO,10,1,188,19,64,0.297,5,29,0.172,14,35,0.4,0.336,11,12,0.917,4,19,23,23,7,0,14,17,54,maledth01
252,Sandro Mamukelashvili,C,24,SAS,3,0,19,2,5,0.4,0,3,0,2,2,1,0.4,1,2,0.5,4,3,7,1,1,0,0,2,5,mamuksa01
253,Terance Mann,SG,27,LAC,4,0,104,8,18,0.444,2,8,0.25,6,10,0.6,0.5,0,0,,8,11,19,12,0,0,4,10,18,mannte01
254,Tre Mann,PG,22,OKC,4,0,20,7,11,0.636,2,5,0.4,5,6,0.833,0.727,1,1,1,1,5,6,4,1,0,2,0,17,manntr01
255,Boban Marjanović,C,35,HOU,3,0,20,5,9,0.556,0,1,0,5,8,0.625,0.556,0,1,0,2,6,8,3,0,1,0,2,10,marjabo01
256,Lauri Markkanen,PF,26,UTA,11,11,366,89,185,0.481,43,101,0.426,46,84,0.548,0.597,42,48,0.875,25,70,95,16,10,9,17,26,263,markkla01
257,Naji Marshall,SF,26,NOP,2,0,34,7,12,0.583,2,5,0.4,5,7,0.714,0.667,8,8,1,3,3,6,4,1,2,3,4,24,marshna01
258,Caleb Martin,SF,28,MIA,1,0,20,1,7,0.143,0,3,0,1,4,0.25,0.143,0,0,,1,2,3,1,1,0,0,1,2,martica02
259,KJ Martin,SF,23,PHI,6,0,39,4,11,0.364,1,5,0.2,3,6,0.5,0.409,1,2,0.5,1,3,4,2,2,1,3,5,10,martike04
260,Garrison Mathews,SG,27,ATL,3,0,9,1,3,0.333,1,3,0.333,0,0,,0.5,0,0,,0,2,2,0,0,0,0,1,3,mathega01
261,Bennedict Mathurin,SF,21,IND,11,11,272,53,124,0.427,14,43,0.326,39,81,0.481,0.484,22,29,0.759,17,28,45,25,8,2,16,14,142,mathube01
262,Wesley Matthews,SG,37,ATL,1,0,7,2,2,1,2,2,1,0,0,,1.5,1,2,0.5,1,1,2,0,0,0,1,3,7,matthwe02
263,Tyrese Maxey,PG,23,PHI,10,10,379,102,207,0.493,33,77,0.429,69,130,0.531,0.572,47,50,0.94,8,45,53,70,9,10,14,19,284,maxeyty01
264,Skylar Mays,PG,26,POR,9,2,164,27,64,0.422,3,21,0.143,24,43,0.558,0.445,7,8,0.875,1,13,14,41,6,2,9,10,64,mayssk01
265,Miles McBride,PG,23,NYK,7,0,26,4,11,0.364,2,9,0.222,2,2,1,0.455,1,2,0.5,0,2,2,2,3,0,0,2,11,mcbrimi01
266,CJ McCollum,PG,32,NOP,6,6,206,44,100,0.44,19,50,0.38,25,50,0.5,0.535,23,31,0.742,5,24,29,34,9,5,8,14,130,mccolcj01
267,T.J. McConnell,PG,31,IND,7,0,96,22,37,0.595,0,3,0,22,34,0.647,0.595,9,9,1,4,14,18,23,6,1,5,9,53,mccontj01
268,Jaden McDaniels,SF,23,MIN,8,8,199,33,60,0.55,10,24,0.417,23,36,0.639,0.633,0,0,,6,13,19,10,4,4,7,29,76,mcdanja02
269,Jalen McDaniels,SF,26,TOR,8,0,69,2,17,0.118,1,11,0.091,1,6,0.167,0.147,0,0,,1,7,8,4,2,1,1,6,5,mcdanja01
270,Doug McDermott,SF,32,SAS,11,0,192,29,57,0.509,23,44,0.523,6,13,0.462,0.711,3,4,0.75,2,12,14,18,2,1,9,15,84,mcderdo01
271,JaVale McGee,C,36,SAC,7,0,83,22,35,0.629,0,1,0,22,34,0.647,0.629,5,7,0.714,10,14,24,2,1,3,6,6,49,mcgeeja01
272,Bryce McGowens,SG,21,CHO,5,0,85,6,14,0.429,3,9,0.333,3,5,0.6,0.536,4,6,0.667,0,11,11,3,3,0,4,9,19,mcgowbr01
273,Jordan McLaughlin,PG,27,MIN,5,0,19,1,4,0.25,1,2,0.5,0,2,0,0.375,2,2,1,0,0,0,5,0,2,0,2,5,mclaujo01
274,De'Anthony Melton,SG,25,PHI,10,10,283,33,90,0.367,18,49,0.367,15,41,0.366,0.467,19,24,0.792,5,29,34,42,13,3,13,25,103,meltode01
275,Sam Merrill,SG,27,CLE,4,0,24,2,7,0.286,2,6,0.333,0,1,0,0.429,0,0,,1,2,3,3,2,0,1,0,6,merrisa01
276,Chimezie Metu,C,26,PHO,4,0,10,1,4,0.25,0,2,0,1,2,0.5,0.25,2,2,1,0,2,2,1,0,1,1,0,4,metuch01
277,Vasilije Micić,PG,30,OKC,4,0,51,6,13,0.462,4,8,0.5,2,5,0.4,0.615,2,4,0.5,0,2,2,11,1,0,6,3,18,micicva01
278,Khris Middleton,SF,32,MIL,8,8,151,35,70,0.5,10,31,0.323,25,39,0.641,0.571,11,14,0.786,5,23,28,30,5,1,12,10,91,middlkh01
279,Brandon Miller,SF,21,CHO,9,4,259,44,99,0.444,10,36,0.278,34,63,0.54,0.495,17,22,0.773,13,25,38,14,4,5,8,29,115,millebr02
280,Jordan Miller,SF,24,LAC,2,0,7,2,3,0.667,1,1,1,1,2,0.5,0.833,0,0,,0,0,0,0,0,0,0,2,5,millejo02
281,Leonard Miller,SF,20,MIN,1,0,2,0,1,0,0,0,,0,1,0,0,0,0,,0,1,1,0,0,0,0,0,0,millele01
282,Shake Milton,SG,27,MIN,10,0,150,16,42,0.381,6,19,0.316,10,23,0.435,0.452,11,15,0.733,2,17,19,13,7,1,12,16,49,miltosh01
283,Justin Minaya,SF,24,POR,2,0,10,0,0,,0,0,,0,0,,,0,0,,2,1,3,0,0,0,1,1,0,minayju01
284,Josh Minott,SF,21,MIN,5,0,13,3,6,0.5,0,2,0,3,4,0.75,0.5,2,3,0.667,0,0,0,1,0,1,0,2,8,minotjo01
285,Davion Mitchell,PG,25,SAC,8,3,168,19,51,0.373,10,30,0.333,9,21,0.429,0.471,1,1,1,1,12,13,22,4,2,8,19,49,mitchda01
286,Donovan Mitchell,SG,27,CLE,9,9,326,92,196,0.469,30,81,0.37,62,115,0.539,0.546,44,49,0.898,9,34,43,49,19,6,23,19,258,mitchdo01
287,Evan Mobley,PF,22,CLE,10,10,324,67,129,0.519,1,6,0.167,66,123,0.537,0.523,26,34,0.765,31,72,103,29,8,18,21,29,161,mobleev01
288,Isaiah Mobley,PF,24,CLE,1,0,1,0,0,,0,0,,0,0,,,0,0,,0,1,1,0,0,0,0,1,0,mobleis01
289,Malik Monk,SG,25,SAC,9,0,215,39,97,0.402,19,52,0.365,20,45,0.444,0.5,31,37,0.838,8,17,25,49,4,7,20,15,128,monkma01
290,Moses Moody,SG,21,GSW,12,1,202,31,67,0.463,14,40,0.35,17,27,0.63,0.567,10,13,0.769,9,25,34,14,13,3,5,11,86,moodymo01
291,Marcus Morris,PF,34,PHI,3,0,30,2,6,0.333,0,2,0,2,4,0.5,0.333,1,1,1,0,5,5,1,0,1,0,3,5,morrima03
292,Markieff Morris,PF,34,DAL,1,0,4,0,2,0,0,2,0,0,0,,0,0,0,,0,1,1,0,0,0,0,0,0,morrima02
293,Dejounte Murray,SG,27,ATL,10,10,347,85,170,0.5,24,59,0.407,61,111,0.55,0.571,35,41,0.854,6,40,46,60,15,4,27,14,229,murrade01
294,Jamal Murray,PG,26,DEN,7,7,216,42,97,0.433,14,32,0.438,28,65,0.431,0.505,16,19,0.842,3,15,18,52,2,5,16,13,114,murraja01
295,Keegan Murray,SF,23,SAC,9,9,312,50,128,0.391,22,74,0.297,28,54,0.519,0.477,13,15,0.867,18,44,62,17,13,7,11,20,135,murrake02
296,Kris Murray,SF,23,POR,5,0,26,0,2,0,0,1,0,0,1,0,0,0,0,,0,1,1,0,1,1,0,3,0,murrakr01
297,Mike Muscala,C,32,WAS,6,1,64,6,16,0.375,2,8,0.25,4,8,0.5,0.438,4,4,1,2,11,13,4,1,1,6,7,18,muscami01
298,Svi Mykhailiuk,SF,26,BOS,5,0,33,3,11,0.273,2,9,0.222,1,2,0.5,0.364,0,0,,0,4,4,1,1,0,3,1,8,mykhasv01
299,Larry Nance Jr.,C,31,NOP,10,0,157,16,33,0.485,3,9,0.333,13,24,0.542,0.53,3,6,0.5,13,31,44,8,5,1,9,14,38,nancela02
300,Andrew Nembhard,PG,24,IND,11,1,202,36,75,0.48,8,28,0.286,28,47,0.596,0.533,3,4,0.75,4,16,20,44,9,0,16,21,83,nembhan01
301,Aaron Nesmith,SF,24,IND,11,0,263,44,86,0.512,23,50,0.46,21,36,0.583,0.645,12,19,0.632,10,29,39,13,9,7,6,33,123,nesmiaa01
302,Georges Niang,PF,30,CLE,10,1,223,23,68,0.338,12,45,0.267,11,23,0.478,0.426,4,4,1,4,34,38,10,1,1,5,26,62,niangge01
303,Daishen Nix,PG,21,MIN,3,0,7,1,1,1,0,0,,1,1,1,1,0,0,,0,0,0,0,1,0,0,0,2,nixda01
304,Zeke Nnaji,PF,23,DEN,11,0,120,14,28,0.5,1,5,0.2,13,23,0.565,0.518,7,12,0.583,9,19,28,5,2,5,4,12,36,nnajize01
305,Jusuf Nurkić,C,29,PHO,10,10,274,33,84,0.393,7,29,0.241,26,55,0.473,0.435,28,40,0.7,29,63,92,46,14,10,21,34,101,nurkiju01
306,Jordan Nwora,SF,25,IND,3,0,36,6,18,0.333,2,8,0.25,4,10,0.4,0.389,2,3,0.667,1,5,6,4,0,1,5,2,16,nworajo01
307,Royce O'Neale,SF,30,BRK,11,4,346,32,89,0.36,29,75,0.387,3,14,0.214,0.522,2,4,0.5,8,59,67,35,6,9,12,36,95,onealro01
308,Chuma Okeke,SF,25,ORL,5,0,16,1,4,0.25,0,3,0,1,1,1,0.25,0,0,,3,3,6,1,0,0,1,0,2,okekech01
309,Josh Okogie,SG,25,PHO,10,6,237,23,56,0.411,4,23,0.174,19,33,0.576,0.446,26,29,0.897,19,16,35,12,8,5,9,12,76,okogijo01
310,Onyeka Okongwu,C,23,ATL,10,0,225,34,54,0.63,2,8,0.25,32,46,0.696,0.648,24,26,0.923,28,41,69,16,6,10,8,31,94,okongon01
311,Isaac Okoro,SF,23,CLE,6,5,173,21,43,0.488,6,15,0.4,15,28,0.536,0.558,9,13,0.692,12,17,29,13,7,3,6,23,57,okorois01
312,Kelly Olynyk,C,32,UTA,11,0,228,31,53,0.585,9,20,0.45,22,33,0.667,0.67,14,16,0.875,25,41,66,37,12,2,21,32,85,olynyke01
313,Eugene Omoruyi,SF,26,WAS,6,0,48,13,19,0.684,2,5,0.4,11,14,0.786,0.737,5,8,0.625,4,11,15,6,3,1,6,6,33,omorueu01
314,Cedi Osman,SF,28,SAS,11,0,212,33,65,0.508,17,38,0.447,16,27,0.593,0.638,3,5,0.6,3,15,18,15,5,3,6,13,86,osmande01
315,Kelly Oubre Jr.,SF,28,PHI,8,5,232,47,94,0.5,14,37,0.378,33,57,0.579,0.574,22,28,0.786,11,30,41,5,11,3,7,19,130,oubreke01
316,Chris Paul,PG,38,GSW,12,3,333,41,109,0.376,8,40,0.2,33,69,0.478,0.413,15,17,0.882,3,42,45,84,19,1,16,17,105,paulch01
317,Cameron Payne,PG,29,MIL,10,2,181,23,46,0.5,12,24,0.5,11,22,0.5,0.63,4,4,1,1,9,10,21,5,1,10,23,62,payneca01
318,Gary Payton II,SG,31,GSW,11,0,199,29,60,0.483,9,25,0.36,20,35,0.571,0.558,4,6,0.667,13,22,35,12,13,2,6,18,71,paytoga02
319,Filip Petrušev,C,23,PHI,1,0,3,0,0,,0,0,,0,0,,,0,0,,0,1,1,0,0,0,0,0,0,petrufi01
320,Julian Phillips,SF,20,CHI,4,0,10,0,1,0,0,1,0,0,0,,0,0,0,,0,1,1,0,0,0,0,0,0,phillju01
321,Jalen Pickett,SG,24,DEN,5,0,26,6,8,0.75,3,5,0.6,3,3,1,0.938,0,0,,0,4,4,2,1,0,2,3,15,pickeja02
322,Mason Plumlee,C,33,LAC,6,0,102,12,19,0.632,0,0,,12,19,0.632,0.632,6,14,0.429,8,25,33,6,4,1,5,6,30,plumlma01
323,Brandin Podziemski,SG,20,GSW,7,0,91,17,35,0.486,5,12,0.417,12,23,0.522,0.557,4,5,0.8,6,17,23,13,3,0,8,11,43,podzibr01
324,Jakob Poeltl,C,28,TOR,10,10,247,48,72,0.667,0,0,,48,72,0.667,0.667,7,17,0.412,26,53,79,19,6,8,17,28,103,poeltja01
325,Aleksej Pokusevski,PF,22,OKC,4,0,23,0,5,0,0,5,0,0,0,,0,1,2,0.5,0,4,4,1,0,1,3,3,1,pokusal01
326,Jordan Poole,SG,24,WAS,10,10,287,61,148,0.412,20,66,0.303,41,82,0.5,0.48,20,26,0.769,5,19,24,37,13,6,28,31,162,poolejo01
327,Craig Porter Jr.,PG,23,CLE,5,0,42,6,14,0.429,0,1,0,6,13,0.462,0.429,3,8,0.375,1,7,8,6,3,1,3,7,15,portecr01
328,Michael Porter Jr.,SF,25,DEN,11,11,330,70,150,0.467,29,82,0.354,41,68,0.603,0.563,10,13,0.769,21,66,87,18,5,10,11,26,179,portemi01
329,Otto Porter Jr.,SF,30,TOR,5,1,79,7,19,0.368,5,13,0.385,2,6,0.333,0.5,1,1,1,3,11,14,1,3,3,0,7,20,porteot01
330,Bobby Portis,PF,28,MIL,10,0,220,47,98,0.48,7,26,0.269,40,72,0.556,0.515,23,31,0.742,11,51,62,16,11,4,12,22,124,portibo01
331,Kristaps Porziņģis,C,28,BOS,10,10,302,65,115,0.565,20,49,0.408,45,66,0.682,0.652,47,56,0.839,13,49,62,19,4,13,12,34,197,porzikr01
332,Dwight Powell,C,32,DAL,10,1,171,19,26,0.731,1,1,1,18,25,0.72,0.75,25,33,0.758,21,23,44,14,4,8,3,19,64,poweldw01
333,Norman Powell,SG,30,LAC,10,0,244,45,85,0.529,20,44,0.455,25,41,0.61,0.647,18,26,0.692,1,18,19,14,5,5,12,27,128,powelno01
334,Taurean Prince,PF,29,LAL,9,9,272,32,72,0.444,13,40,0.325,19,32,0.594,0.535,7,9,0.778,1,16,17,9,5,5,4,25,84,princta02
335,Payton Pritchard,PG,26,BOS,10,0,205,17,52,0.327,7,31,0.226,10,21,0.476,0.394,6,7,0.857,14,20,34,36,2,0,7,17,47,pritcpa01
336,Olivier-Maxence Prosper,PF,21,DAL,4,0,21,3,8,0.375,1,4,0.25,2,4,0.5,0.438,4,6,0.667,2,2,4,0,0,0,0,3,11,prospol01
337,Immanuel Quickley,SG,24,NYK,10,0,244,50,112,0.446,19,51,0.373,31,61,0.508,0.531,26,29,0.897,4,33,37,38,5,0,13,14,145,quickim01
338,Lester Quinones,SG,23,GSW,1,0,5,2,3,0.667,1,2,0.5,1,1,1,0.833,0,0,,0,0,0,0,0,0,1,0,5,quinole01
339,Julius Randle,PF,29,NYK,10,10,340,58,171,0.339,17,66,0.258,41,105,0.39,0.389,47,67,0.701,23,80,103,49,10,0,30,26,180,randlju01
340,Duop Reath,C,27,POR,2,0,24,4,14,0.286,3,11,0.273,1,3,0.333,0.393,0,0,,1,3,4,3,0,1,2,4,11,reathdu01
341,Austin Reaves,SG,25,LAL,11,8,349,54,121,0.446,18,48,0.375,36,73,0.493,0.521,28,34,0.824,12,40,52,50,13,1,27,16,154,reaveau01
342,Cam Reddish,SF,24,LAL,11,5,252,26,63,0.413,11,32,0.344,15,31,0.484,0.5,17,21,0.81,6,25,31,12,14,3,6,19,80,reddica01
343,Paul Reed,C,24,PHI,10,0,130,20,34,0.588,0,3,0,20,31,0.645,0.588,1,2,0.5,16,29,45,10,4,4,8,22,41,reedpa01
344,Naz Reid,C,24,MIN,10,0,218,48,89,0.539,19,43,0.442,29,46,0.63,0.646,15,16,0.938,9,33,42,8,6,4,10,13,130,reidna01
345,Jared Rhoden,SG,24,DET,5,0,30,5,9,0.556,1,4,0.25,4,5,0.8,0.611,2,2,1,1,3,4,3,0,0,2,4,13,rhodeja01
346,Nick Richards,C,26,CHO,10,0,185,32,40,0.8,0,0,,32,40,0.8,0.8,27,34,0.794,17,47,64,4,4,13,13,32,91,richani01
347,Josh Richardson,SG,30,MIA,8,1,199,22,57,0.386,8,30,0.267,14,27,0.519,0.456,7,8,0.875,1,20,21,22,3,2,9,16,59,richajo01
348,Duncan Robinson,SF,29,MIA,11,3,314,54,120,0.45,29,80,0.363,25,40,0.625,0.571,9,10,0.9,4,29,33,27,5,2,12,23,146,robindu01
349,Jerome Robinson,SG,26,GSW,1,0,5,0,2,0,0,0,,0,2,0,0,0,0,,1,1,2,0,0,0,0,0,0,robinje01
350,Mitchell Robinson,C,25,NYK,10,10,296,28,52,0.538,0,0,,28,52,0.538,0.538,10,25,0.4,58,56,114,5,14,10,4,22,66,robinmi01
351,Orlando Robinson,C,23,MIA,2,0,30,4,9,0.444,1,1,1,3,8,0.375,0.5,2,2,1,2,6,8,7,1,1,3,4,11,robinor01
352,Jeremiah Robinson-Earl,PF,23,NOP,4,1,76,10,18,0.556,6,9,0.667,4,9,0.444,0.722,4,4,1,5,12,17,4,2,0,6,7,30,robinje02
353,David Roddy,PF,22,MEM,11,1,249,41,89,0.461,8,32,0.25,33,57,0.579,0.506,7,9,0.778,12,29,41,12,6,6,9,22,97,roddyda01
354,Ryan Rollins,PG,21,WAS,6,0,46,8,17,0.471,1,2,0.5,7,15,0.467,0.5,13,16,0.813,2,8,10,10,8,2,7,6,30,rolliry01
355,Derrick Rose,PG,35,MEM,4,0,71,12,37,0.324,5,10,0.5,7,27,0.259,0.392,3,4,0.75,4,4,8,11,2,1,6,3,32,rosede01
356,Terry Rozier,SG,29,CHO,5,5,179,42,90,0.467,8,31,0.258,34,59,0.576,0.511,18,22,0.818,4,16,20,25,3,2,11,4,110,roziete01
357,Rayan Rupert,SG,19,POR,3,0,9,0,3,0,0,1,0,0,2,0,0,1,2,0.5,0,0,0,0,0,0,0,0,1,ruperra01
358,D'Angelo Russell,PG,27,LAL,11,11,361,73,157,0.465,22,64,0.344,51,93,0.548,0.535,29,35,0.829,3,33,36,74,5,7,19,26,197,russeda01
359,Matt Ryan,SF,26,NOP,11,1,253,32,71,0.451,26,59,0.441,6,12,0.5,0.634,12,12,1,5,22,27,13,4,1,13,23,102,ryanma01
360,Domantas Sabonis,C,27,SAC,9,9,313,62,106,0.585,3,10,0.3,59,96,0.615,0.599,35,59,0.593,33,79,112,66,8,9,32,31,162,sabondo01
361,Luka Šamanić,PF,24,UTA,5,0,17,5,10,0.5,2,5,0.4,3,5,0.6,0.6,1,1,1,0,4,4,1,1,0,0,1,13,samanlu01
362,Jermaine Samuels,SF,25,HOU,3,0,20,2,3,0.667,0,1,0,2,2,1,0.667,2,2,1,1,2,3,0,0,1,0,3,6,samueje01
363,Dario Šarić,C,29,GSW,12,2,252,39,93,0.419,17,53,0.321,22,40,0.55,0.511,15,17,0.882,22,57,79,23,6,5,11,26,110,saricda01
364,Olivier Sarr,C,24,OKC,4,0,44,1,1,1,0,0,,1,1,1,1,4,6,0.667,3,15,18,1,0,5,2,6,6,sarrol01
365,Marcus Sasser,PG,23,DET,12,0,239,44,91,0.484,19,46,0.413,25,45,0.556,0.588,5,5,1,2,30,32,35,10,1,9,21,112,sassema01
366,Admiral Schofield,PF,26,ORL,1,0,3,2,4,0.5,1,3,0.333,1,1,1,0.625,0,0,,0,0,0,0,0,0,0,0,5,schofad01
367,Dennis Schröder,PG,30,TOR,10,10,323,54,125,0.432,17,47,0.362,37,78,0.474,0.5,29,35,0.829,8,19,27,77,10,2,19,16,154,schrode01
368,Dereon Seabron,SG,23,NOP,5,0,52,4,13,0.308,1,2,0.5,3,11,0.273,0.346,5,6,0.833,1,6,7,4,2,1,0,4,14,seabrde01
369,Alperen Şengün,C,21,HOU,9,9,283,75,125,0.6,4,16,0.25,71,109,0.651,0.616,21,34,0.618,23,51,74,54,9,4,19,25,175,sengual01
370,Brice Sensabaugh,SF,20,UTA,1,0,2,0,2,0,0,0,,0,2,0,0,0,0,,1,1,2,0,0,0,0,0,0,sensabr01
371,Collin Sexton,SG,25,UTA,11,0,216,45,98,0.459,10,32,0.313,35,66,0.53,0.51,35,40,0.875,7,18,25,34,3,2,22,19,135,sextoco01
372,Landry Shamet,SG,26,WAS,6,0,95,17,35,0.486,9,24,0.375,8,11,0.727,0.614,1,2,0.5,1,7,8,7,5,1,3,11,44,shamela01
373,Day'Ron Sharpe,C,22,BRK,11,0,154,30,52,0.577,0,2,0,30,50,0.6,0.577,18,28,0.643,28,45,73,5,4,6,15,24,78,sharpda01
374,Shaedon Sharpe,SG,20,POR,10,9,396,65,153,0.425,23,66,0.348,42,87,0.483,0.5,42,52,0.808,17,36,53,34,10,6,32,28,195,sharpsh01
375,Ben Sheppard,SG,22,IND,3,0,32,5,12,0.417,3,8,0.375,2,4,0.5,0.542,0,0,,1,3,4,2,0,0,0,4,13,sheppbe01
376,Pascal Siakam,PF,29,TOR,10,10,352,76,162,0.469,12,48,0.25,64,114,0.561,0.506,31,44,0.705,12,61,73,48,9,1,27,25,195,siakapa01
377,Ben Simmons,PG,27,BRK,6,6,191,19,36,0.528,0,0,,19,36,0.528,0.528,1,4,0.25,16,49,65,40,3,5,15,16,39,simmobe01
378,Anfernee Simons,SG,24,POR,1,1,27,6,14,0.429,2,6,0.333,4,8,0.5,0.5,4,4,1,1,1,2,4,2,0,0,2,18,simonan01
379,Jericho Sims,C,25,NYK,5,0,16,1,2,0.5,0,0,,1,2,0.5,0.5,1,3,0.333,1,7,8,1,0,0,0,1,3,simsje01
380,Marcus Smart,PG,29,MEM,11,11,329,51,119,0.429,18,61,0.295,33,58,0.569,0.504,17,21,0.81,3,24,27,55,22,4,37,35,137,smartma01
381,Dennis Smith Jr.,PG,26,BRK,10,0,170,23,57,0.404,6,17,0.353,17,40,0.425,0.456,7,8,0.875,8,15,23,30,7,2,11,23,59,smithde03
382,Dru Smith,SG,26,MIA,7,0,127,15,32,0.469,7,16,0.438,8,16,0.5,0.578,2,2,1,6,7,13,14,8,3,5,11,39,smithdr01
383,Ish Smith,PG,35,CHO,4,0,50,3,7,0.429,0,0,,3,7,0.429,0.429,0,0,,2,6,8,5,3,0,6,5,6,smithis01
384,Jabari Smith Jr.,PF,20,HOU,9,9,253,45,93,0.484,16,44,0.364,29,49,0.592,0.57,5,9,0.556,14,49,63,12,5,4,11,30,111,smithja05
385,Jalen Smith,C,23,IND,9,0,145,39,55,0.709,10,15,0.667,29,40,0.725,0.8,11,15,0.733,15,39,54,11,4,3,10,22,99,smithja04
386,Nick Smith Jr.,SG,19,CHO,4,0,28,4,10,0.4,3,6,0.5,1,4,0.25,0.55,0,0,,0,2,2,2,1,0,1,1,11,smithni01
387,Jeremy Sochan,PG,20,SAS,11,11,304,47,104,0.452,8,19,0.421,39,85,0.459,0.49,12,17,0.706,15,42,57,50,10,4,27,36,114,sochaje01
388,Jaden Springer,SG,21,PHI,6,0,49,3,14,0.214,0,3,0,3,11,0.273,0.214,2,4,0.5,4,4,8,5,1,4,4,9,8,sprinja01
389,Lamar Stevens,PF,26,BOS,3,0,17,4,7,0.571,1,1,1,3,6,0.5,0.643,0,0,,4,1,5,2,1,0,3,3,9,stevela01
390,Isaiah Stewart,PF,22,DET,12,12,396,55,116,0.474,21,50,0.42,34,66,0.515,0.565,17,24,0.708,23,63,86,18,1,8,26,36,148,stewais01
391,Julian Strawther,SF,21,DEN,8,0,79,16,36,0.444,9,25,0.36,7,11,0.636,0.569,0,2,0,0,7,7,4,1,2,1,7,41,strawju01
392,Max Strus,SF,27,CLE,10,10,349,51,119,0.429,29,79,0.367,22,40,0.55,0.55,12,14,0.857,6,54,60,34,7,6,10,24,143,strusma01
393,Jalen Suggs,SG,22,ORL,10,10,280,41,103,0.398,15,44,0.341,26,59,0.441,0.471,24,30,0.8,10,33,43,27,21,6,19,27,121,suggsja01
394,Cole Swider,SF,24,MIA,1,0,2,2,3,0.667,1,2,0.5,1,1,1,0.833,0,0,,0,1,1,0,0,0,0,0,5,swideco01
395,Jae'Sean Tate,SF,28,HOU,9,0,183,23,46,0.5,10,23,0.435,13,23,0.565,0.609,5,7,0.714,8,26,34,11,14,4,2,23,61,tateja01
396,Jayson Tatum,PF,25,BOS,10,10,362,102,194,0.526,35,88,0.398,67,106,0.632,0.616,45,57,0.789,6,83,89,39,12,2,27,23,284,tatumja01
397,Terry Taylor,PF,24,CHI,3,0,6,1,1,1,0,0,,1,1,1,1,0,0,,0,1,1,0,0,0,0,0,2,taylote01
398,Garrett Temple,SG,37,TOR,3,0,9,2,3,0.667,0,0,,2,3,0.667,0.667,2,2,1,0,1,1,0,1,0,0,0,6,templga01
399,Dalen Terry,SG,21,CHI,4,0,11,3,8,0.375,1,4,0.25,2,4,0.5,0.438,0,2,0,0,4,4,3,0,0,1,1,7,terryda01
400,Daniel Theis,C,31,IND,1,0,8,1,4,0.25,0,1,0,1,3,0.333,0.25,0,0,,0,0,0,0,0,0,0,1,2,theisda01
401,Cam Thomas,SG,22,BRK,8,7,259,79,165,0.479,17,53,0.321,62,112,0.554,0.53,40,47,0.851,2,28,30,17,7,5,10,15,215,thomaca02
402,Amen Thompson,SF,21,HOU,4,0,67,9,22,0.409,2,11,0.182,7,11,0.636,0.455,5,8,0.625,1,10,11,6,2,1,6,9,25,thompam01
403,Ausar Thompson,SF,21,DET,12,12,385,57,132,0.432,4,27,0.148,53,105,0.505,0.447,26,36,0.722,47,77,124,44,16,23,26,40,144,thompau01
404,Klay Thompson,SF,33,GSW,11,11,315,60,142,0.423,26,76,0.342,34,66,0.515,0.514,15,18,0.833,7,32,39,20,4,6,20,25,161,thompkl01
405,Tristan Thompson,PF,32,CLE,8,0,81,8,11,0.727,0,0,,8,11,0.727,0.727,4,7,0.571,8,13,21,5,1,3,6,10,20,thomptr01
406,JT Thor,PF,21,CHO,10,1,199,18,46,0.391,8,23,0.348,10,23,0.435,0.478,0,4,0,12,26,38,9,4,4,3,14,44,thorjt01
407,Matisse Thybulle,SF,26,POR,10,9,197,22,47,0.468,15,39,0.385,7,8,0.875,0.628,4,5,0.8,2,11,13,10,9,7,5,11,63,thybuma01
408,Xavier Tillman Sr.,C,25,MEM,7,5,181,27,64,0.422,7,20,0.35,20,44,0.455,0.477,4,9,0.444,14,33,47,17,11,6,10,20,65,tillmxa01
409,Obi Toppin,PF,25,IND,11,11,250,50,81,0.617,8,26,0.308,42,55,0.764,0.667,14,17,0.824,10,26,36,6,9,3,5,19,122,toppiob01
410,Karl-Anthony Towns,PF,28,MIN,10,10,335,77,170,0.453,22,61,0.361,55,109,0.505,0.518,30,33,0.909,10,85,95,23,10,6,27,28,206,townska01
411,Gary Trent Jr.,SG,25,TOR,8,1,217,31,84,0.369,15,42,0.357,16,42,0.381,0.458,6,15,0.4,4,16,20,7,8,1,8,10,83,trentga02
412,P.J. Tucker,PF,38,LAC,9,3,160,6,17,0.353,5,14,0.357,1,3,0.333,0.5,3,3,1,13,21,34,4,6,3,3,21,20,tuckepj01
413,Myles Turner,C,27,IND,11,11,293,69,134,0.515,21,53,0.396,48,81,0.593,0.593,38,48,0.792,16,66,82,16,6,19,18,39,197,turnemy01
414,Hunter Tyson,PF,23,DEN,4,0,11,1,3,0.333,0,2,0,1,1,1,0.333,0,0,,0,3,3,0,0,0,0,4,2,tysonhu01
415,Stanley Umude,SG,24,DET,8,0,62,7,16,0.438,5,10,0.5,2,6,0.333,0.594,8,9,0.889,0,9,9,1,1,1,3,10,27,umudest01
416,Jonas Valančiūnas,C,31,NOP,11,11,266,51,100,0.51,10,25,0.4,41,75,0.547,0.56,17,20,0.85,19,71,90,22,3,17,16,28,129,valanjo01
417,Fred VanVleet,PG,29,HOU,9,9,323,53,138,0.384,28,76,0.368,25,62,0.403,0.486,21,24,0.875,2,29,31,71,5,3,15,19,155,vanvlfr01
418,Devin Vassell,SG,23,SAS,9,8,260,56,113,0.496,22,51,0.431,34,62,0.548,0.593,22,30,0.733,4,28,32,25,9,1,12,8,156,vassede01
419,Sasha Vezenkov,PF,28,SAC,8,0,112,19,43,0.442,11,30,0.367,8,13,0.615,0.57,1,1,1,1,15,16,2,4,2,1,10,50,vezenal01
420,Gabe Vincent,PG,27,LAL,4,0,113,11,28,0.393,1,14,0.071,10,14,0.714,0.411,1,2,0.5,2,2,4,12,6,0,2,10,24,vincega01
421,Nikola Vučević,C,33,CHI,11,11,382,83,171,0.485,12,37,0.324,71,134,0.53,0.52,16,21,0.762,33,87,120,32,11,7,18,31,194,vucevni01
422,Dean Wade,PF,27,CLE,9,3,155,10,28,0.357,9,26,0.346,1,2,0.5,0.518,2,4,0.5,6,25,31,5,6,2,4,21,31,wadede01
423,Franz Wagner,SF,22,ORL,10,10,338,69,165,0.418,19,58,0.328,50,107,0.467,0.476,31,37,0.838,14,46,60,34,11,3,22,25,188,wagnefr01
424,Moritz Wagner,C,26,ORL,10,0,190,47,72,0.653,7,19,0.368,40,53,0.755,0.701,21,26,0.808,15,31,46,10,5,5,14,27,122,wagnemo01
425,Ish Wainright,SF,29,POR,1,0,3,0,1,0,0,1,0,0,0,,0,0,0,,0,0,0,0,1,0,0,1,0,wainris01
426,Jabari Walker,SF,21,POR,10,0,145,22,47,0.468,4,16,0.25,18,31,0.581,0.511,11,13,0.846,11,29,40,4,10,6,7,20,59,walkeja01
427,Jarace Walker,PF,20,IND,3,0,27,4,12,0.333,0,2,0,4,10,0.4,0.333,2,2,1,1,6,7,5,1,1,0,2,10,walkeja02
428,Lonnie Walker IV,SG,25,BRK,10,0,212,55,108,0.509,23,50,0.46,32,58,0.552,0.616,17,22,0.773,1,28,29,21,7,5,12,9,150,walkelo01
429,Cason Wallace,SG,20,OKC,11,1,246,34,52,0.654,11,20,0.55,23,32,0.719,0.76,8,8,1,6,22,28,18,7,5,7,20,87,wallaca01
430,P.J. Washington,PF,25,CHO,10,10,330,69,143,0.483,17,52,0.327,52,91,0.571,0.542,17,23,0.739,13,42,55,21,4,6,13,26,172,washipj01
431,TyTy Washington Jr.,PG,22,MIL,1,0,3,1,2,0.5,1,1,1,0,1,0,0.75,0,0,,0,0,0,0,0,0,1,0,3,washity02
432,Yuta Watanabe,SF,29,PHO,10,0,191,19,46,0.413,14,37,0.378,5,9,0.556,0.565,6,7,0.857,6,22,28,5,4,3,10,19,58,watanyu01
433,Lindy Waters III,SG,26,OKC,5,0,29,2,6,0.333,2,6,0.333,0,0,,0.5,0,0,,0,0,0,2,0,0,0,1,6,waterli01
434,Trendon Watford,PF,23,BRK,6,0,74,14,26,0.538,2,5,0.4,12,21,0.571,0.577,6,6,1,6,15,21,12,4,1,6,11,36,watfotr01
435,Peyton Watson,SF,21,DEN,11,0,159,23,41,0.561,4,13,0.308,19,28,0.679,0.61,3,6,0.5,3,16,19,7,6,11,6,14,53,watsope01
436,Victor Wembanyama,PF,20,SAS,11,11,330,76,176,0.432,17,60,0.283,59,116,0.509,0.48,36,47,0.766,23,79,102,27,11,26,43,28,205,wembavi01
437,Blake Wesley,SG,20,SAS,3,0,18,3,8,0.375,0,1,0,3,7,0.429,0.375,1,2,0.5,1,1,2,3,0,1,1,2,7,weslebl01
438,Russell Westbrook,PG,35,LAC,10,10,307,60,129,0.465,10,32,0.313,50,97,0.515,0.504,10,17,0.588,15,55,70,57,19,3,33,29,140,westbru01
439,Coby White,PG,23,CHI,11,11,348,51,129,0.395,20,63,0.317,31,66,0.47,0.473,17,21,0.81,3,30,33,48,12,3,17,28,139,whiteco01
440,Derrick White,SG,29,BOS,8,8,240,35,74,0.473,17,41,0.415,18,33,0.545,0.588,13,17,0.765,7,23,30,36,8,9,10,17,100,whitede01
441,Cam Whitmore,SF,19,HOU,3,0,23,3,9,0.333,0,3,0,3,6,0.5,0.333,1,2,0.5,0,3,3,1,1,0,2,1,7,whitmca01
442,Aaron Wiggins,SG,25,OKC,9,0,96,14,27,0.519,3,10,0.3,11,17,0.647,0.574,3,4,0.75,2,10,12,5,3,1,4,9,34,wiggiaa01
443,Andrew Wiggins,SF,28,GSW,12,12,313,51,129,0.395,5,33,0.152,46,96,0.479,0.415,18,36,0.5,23,25,48,11,5,5,19,29,125,wiggian01
444,Grant Williams,PF,25,DAL,11,11,312,41,82,0.5,30,58,0.517,11,24,0.458,0.683,12,19,0.632,8,30,38,11,3,8,10,29,124,willigr01
445,Jalen Williams,PF,22,OKC,11,11,361,71,135,0.526,12,33,0.364,59,102,0.578,0.57,36,42,0.857,3,41,44,39,8,3,25,34,190,willija06
446,Jaylin Williams,C,21,OKC,6,0,87,8,23,0.348,4,15,0.267,4,8,0.5,0.435,5,6,0.833,2,20,22,9,4,2,3,13,25,willija07
447,Jeenathan Williams,SG,24,HOU,2,0,13,4,7,0.571,0,2,0,4,5,0.8,0.571,1,2,0.5,0,0,0,1,1,0,0,0,9,willije02
448,Kenrich Williams,PF,29,OKC,1,0,15,4,7,0.571,1,3,0.333,3,4,0.75,0.643,0,0,,0,0,0,2,0,0,1,3,9,willike04
449,Mark Williams,C,22,CHO,10,10,251,58,78,0.744,0,0,,58,78,0.744,0.744,28,40,0.7,39,51,90,11,10,7,12,22,144,willima07
450,Patrick Williams,PF,22,CHI,11,5,253,23,69,0.333,10,35,0.286,13,34,0.382,0.406,11,14,0.786,6,28,34,14,12,9,11,18,67,willipa01
451,Robert Williams,C,26,POR,6,0,119,17,26,0.654,0,0,,17,26,0.654,0.654,7,9,0.778,11,27,38,5,7,7,7,17,41,williro04
452,Vince Williams Jr.,SG,23,MEM,4,0,32,2,8,0.25,1,7,0.143,1,1,1,0.313,7,8,0.875,0,5,5,4,1,3,2,4,12,willivi01
453,Ziaire Williams,SF,22,MEM,10,8,256,30,85,0.353,13,45,0.289,17,40,0.425,0.429,10,11,0.909,7,44,51,11,5,5,16,22,83,willizi02
454,Zion Williamson,PF,23,NOP,9,9,279,77,149,0.517,0,1,0,77,148,0.52,0.517,38,64,0.594,26,33,59,38,8,1,25,25,192,willizi01
455,Jalen Wilson,PF,23,BRK,2,0,7,0,1,0,0,0,,0,1,0,0,0,0,,0,1,1,0,0,1,0,0,0,wilsoja03
456,Dylan Windler,SF,27,NYK,3,0,7,1,2,0.5,1,2,0.5,0,0,,0.75,0,0,,0,1,1,1,0,0,0,1,3,windldy01
457,James Wiseman,C,22,DET,5,0,52,13,22,0.591,0,1,0,13,21,0.619,0.591,1,2,0.5,5,10,15,2,1,2,3,10,27,wisemja01
458,Christian Wood,PF,28,LAL,11,1,242,25,60,0.417,11,30,0.367,14,30,0.467,0.508,15,24,0.625,13,58,71,11,3,8,16,22,76,woodch01
459,Delon Wright,PG,31,WAS,8,0,141,11,30,0.367,4,11,0.364,7,19,0.368,0.433,14,16,0.875,3,17,20,35,13,1,4,6,40,wrighde01
460,Thaddeus Young,PF,35,TOR,2,0,6,2,3,0.667,0,0,,2,3,0.667,0.667,0,2,0,1,1,2,3,0,0,0,0,4,youngth01
461,Trae Young,PG,25,ATL,9,9,322,60,168,0.357,20,68,0.294,40,100,0.4,0.417,80,89,0.899,7,19,26,92,14,0,38,13,220,youngtr01
462,Omer Yurtseven,C,25,UTA,7,0,32,7,10,0.7,1,3,0.333,6,7,0.857,0.75,1,2,0.5,3,8,11,3,0,1,1,6,16,yurtsom01
463,Cody Zeller,C,31,NOP,8,0,53,2,10,0.2,0,0,,2,10,0.2,0.2,4,10,0.4,7,13,20,8,1,0,2,5,8,zelleco01
464,Ivica Zubac,C,26,LAC,10,10,250,41,72,0.569,0,0,,41,72,0.569,0.569,21,33,0.636,30,54,84,7,2,16,14,33,103,zubaciv01